Abanoub,Male
Abd,Male
Abdala,Male
Abdalah,Male
Abdalla,Male
abdallah,Male
abdelrahman,Male
Abdelsalam,Male
abdelwahab,Male
Abdlla,Male
Abdo,Male
abdollah,Male
abdullah,Male
Abeer,Female
Abir,Female
Abram,Male
Achraf,Male
Adam,Male
Adel,Male
Adham,Male
AFnan,Female
Ahmad,Male
Ahmed,Male
ahmed,Male
AHMED,Male
Aia,Female
Aisha,Female
Akram,Male
ALI,Male
Alia,Female
Aliaa,Female
Aly,Male
Amal,Female
Amani,Female
Amany,Female
AMEER,Male
Amen,Male
Amera,Female
Amgad,Male
Amina,Female
Amir,Male
Amira,Female
Amjad,Male
Ammar,Male
Amr,Male
Anas,Male
Andrew,Male
Angham,Female
Areeg,Female
Arwa,Female
Ash,Female
Ashraf,Male
Ashrakat,Female
Ashrf,Male
Asma,Female
asma,Female
Asmaa,Female
Asmahan,Female
asmahan,Female
Assem,Male
Atef,Male
Aya,Female
ayaat,Female
Ayad,Male
Ayah,Female
Ayman,Male
Aymn,Male
Azab,Male
AZIZ,Male
Azza,Female
Badr,Male
bahaa,Male
Bahy,Male
Baligh,Male
Basant,Female
basant,Female
Basel,Male
Basem,Male
Basma,Female
Basmala,Female
Bassant,Female
Bassem,Male
Bedo,Male
BELAL,Male
Belal,Male
Bero,Female
beshoy,Male
Beshoy,Male
Bilal,Male
Bishoy,Male
Chisteen,Female
Christina,Female
Dalia,Female
Dareen,Female
Darin,Female
Darsh,Male
david,Male
Deena,Female
Dena,Female
diaa,Male
Dina,Female
Doaa,Female
Doha,Female
Donia,Female
Ebrahim,Male
Ebram,Male
Eglal,Female
ehab,Male
Ehab,Male
Eiman,Female
Elaf,Female
elhosseiny,Male
Elsaid,Male
Emad,Male
Eman,Female
Emeel,Male
Emy,Female
Enas,Female
Engi,Female
Engy,Female
esam,Male
Eslam,Male
Esmael,Male
Esraa,Female
Essam,Male
Ezzat,Male
fady,Male
Fahmy,Male
Fairouz,Female
Farah,Female
Faraz,Male
Fares,Male
Farida,Female
Fatema,Female
faten,Female
Fathi,Male
fathy,Male
Fatima,Female
Fatma,Female
Fayez,Male
Fayrouz,Female
Fekry,Male
Fouad,Male
Gamal,Male
Gameela,Female
Gamela,Female
Gamila,Female
Gasser,Male
Gawish,Male
Gehad,Female
Gehan,Female
George,Male
Gerges,Male
ghada,Female
Ghadeer,Female
Gihad,Female
Gihan,Female
Girgis,Male
gogo,Female
habeba,Female
Habiba,Female
Hadeel,Female
Hadeer,Female
Hadir,Female
Hady,Male
hagar,Female
Hager,Female
Haidy,Female
Haitham,Male
hala,Female
Hala,Female
hamdi,Male
Hamdy,Male
Hamed,Male
Hams,Female
Hamza,Male
Hanaa,Female
Hanan,Female
hanan,Female
Haneen,Female
Hanem,Female
Hani,Male
Hanin,Female
Hany,Male
haroun,Male
Hasan,Male
Hassan,Male
hatem,Male
Haya,Female
Hayat,Female
haytham,Male
Hazem,Male
Heba,Female
Hefzy,Male
Hegazi,Male
Hegazy,Male
Hemat,Female
Hend,Female
Hesham,Male
Hessen,Male
Hisham,Male
hmada,Male
Hoda,Female
Hosam,Male
Hosni,Male
Hosny,Male
Hossam,Male
hosseiny,Male
Hossm,Male
Howaida,Female
Howida,Female
Huda,Female
Hussain,Male
Hussam,Male
Hussein,Male
Hussien,Male
Hytham,Male
ibrahem,Male
Ibrahim,Male
Ikram,Female
Iman,Female
Inas,Female
Islam,Male
Ismael,Male
Ismail,Male
Israa,Female
Issa,Male
Jaklin,Female
Jamal,Male
Janna,Female
Jasmin,Female
Jasmine,Female
Jehad,Female
Jehan,Female
Jihad,Female
Jihan,Female
Jilan,Female
John,Male
joseph,Male
Kamal,Male
Karam,Male
Kareem,Male
kareim,Male
Karem,Male
Karim,Male
Karima,Female
Karma,Female
Kathryn,Female
Kazem,Male
Kenzy,Female
Kerolies,Male
Kerolos,Male
Kerolus,Male
Kevin,Male
khairy,Male
khaled,Male
Khaled,Male
Khalid,Male
khalil,Male
Khatab,Male
Khattab,Male
Khloud,Female
kholod,Female
Kholood,Female
Kholoud,Female
Kimo,Male
Kirolos,Male
Kotb,Male
Kristiena,Female
Laila,Female
lamiaa,Female
Lamis,Female
Layla,Female
Loay,Male
Lobna,Female
Lotfy,Male
lyali,Female
Lyly,Female
Madyan,Male
Magda,Female
Magdy,Male
Maged,Male
Maha,Female
maher,Male
Mahinour,Female
Mahitab,Female
Mahmed,Male
Mahmod,Male
Mahmoud,Male
Mai,Female
Maian,Female
Maie,Female
Maikhail,Male
Makka,Female
Makkah,Female
Malak,Female
Malika,Female
Mamdouh,Male
manal,Female
Manar,Female
mansour,Male
Marah,Female
Maram,Female
Maria,Female
Mariam,Female
marian,Female
Marihan,Female
Marina,Female
Marwa,Female
Marwan,Male
Maryam,Female
may,Female
Mayar,Female
Maykal,Male
Maykel,Male
Mazen,Male
Medhat,Male
Medht,Male
Mekka,Female
Mekkah,Female
Mena,Male
Menna,Female
Mera,Female
Merna,Female
Mervat,Female
Mhmd,Male
Michael,Male
Michel,Male
Mido,Male
Migo,Male
Migoo,Male
Milad,Male
Mina,Male
mira,Female
Mirna,Female
Moaaz,Male
Moammen,Male
moataz,Male
Moemen,Male
Mohaamed,Male
Mohab,Male
MOHAMAD,Male
Mohamed,Male
mohamed,Male
mohammad,Male
Mohammad,Male
Mohammed,Male
Mohanad,Male
Mohaned,Male
Mohmad,Male
Mohmed,Male
Mohsen,Male
Momtaz,Male
mona,Female
Monica,Female
Monika,Female
Monmon,Female
Morris,Male
Mosaad,Male
MOSTAFA,Male
Mostafa,Male
motasem,Male
Moustafa,Male
Moutaz,Male
Mr,Male
Muhamad,Male
Muhamed,Male
Muhammad,Male
Muhammed,Male
Muhannad,Male
Mustafa,Male
Nabil,Male
Nada,Female
Nadeen,Female
Nader,Male
Nadia,Female
Nadim,Male
Nagat,Female
Nagi,Male
Naglaa,Female
Nagwa,Female
Nagwan,Female
Nahla,Female
Nancy,Female
Nashwa,Female
nassef,Male
Nayera,Female
Nayyera,Female
Nehad,Female
Nehal,Female
Nermeen,Female
nermine,Female
Nesma,Female
Nesreen,Female
Nesren,Female
Neven,Female
Nglaa,Female
Nihal,Female
Nival,Female
Niveen,Female
Noga,Female
Noha,Female
Nono,Male
Noor,Male
Nora,Female
Norhan,Female
Noura,Female
Nouran,Female
Nourhan,Female
Ola,Female
Olfat,Female
Om,Female
Omar,Male
omneya,Female
Omnia,Female
Omniya,Female
Omnya,Female
Osama,Male
Osman,Male
Othman,Male
Passant,Female
Peter,Male
pierre,Male
Princess,Female
Raafat,Male
Rabab,Female
Radwa,Female
Rafik,Male
rafik,Male
Ragab,Male
Raghad,Female
Raghda,Female
Ragya,Female
Rahma,Female
Rakan,Male
ramadan,Male
ramdan,Male
ramez,Male
rami,Male
Ramses,Male
Ramy,Male
Rana,Female
Ranaa,Female
Randa,Female
Rania,Female
Ranya,Female
Rasha,Female
Rawan,Female
Reda,Male
Reem,Female
Refaat,Male
rehab,Female
Reham,Female
Remon,Male
Rewaida,Female
Rewan,Female
Riham,Female
Romany,Male
Rooney,Male
Rowan,Female
Rowida,Female
Ruba,Female
Ruby,Female
Rwan,Female
Saad,Male
Sabah,Female
Saber,Male
Sabry,Male
sadek,Male
Safa,Female
Safaa,Female
Safwat,Male
sahar,Female
Said,Male
salah,Male
Salah,Male
saleh,Male
Saleh,Male
Salem,Male
Salim,Male
Sally,Female
Salma,Female
Salwa,Female
Samah,Female
samar,Female
Sameer,Male
Sameh,Male
Samer,Male
sami,Male
Samir,Male
Samraa,Female
Samy,Male
Sandra,Female
Sandy,Female
Sara,Female
Sarah,Female
sayed,Male
Seham,Female
Seleman,Male
Selim,Male
Seliman,Male
Shady,Male
Shahi,Female
Shahinaz,Female
Shahira,Female
Shaima,Female
Shaimaa,Female
Shams,Male
Shaymaa,Female
shenoda,Male
Shereen,Female
Sherien,Female
sherif,Male
Sherine,Female
Sherouk,Female
Shimaa,Female
Shimo,Female
ShoRouk,Female
Shorouq,Female
Shreef,Male
shreef,Male
shreen,Female
Shrook,Female
Shrooq,Female
Shrouk,Female
Siliman,Male
Soha,Female
Sohail,Male
Sohaila,Female
soher,Female
Sohil,Male
Sohila,Female
Soliman,Male
Soma,Female
somaya,Female
Soso,Female
Souad,Female
Suliman,Male
Taghreed,Female
Taha,Male
Taher,Male
Talaat,Male
Talat,Male
Tamara,Female
Tamer,Male
Tarek,Male
Tariq,Male
Tawfik,Male
Toqa,Female
Torki,Male
Torky,Male
USAMA,Male
Veronya,Female
Victor,Male
Vivian,Female
Waaleed,Male
wael,Male
Wael,Male
Wafaa,Female
Wafik,Male
Waheed,Male
wahid,Male
Walaa,Female
Waled,Male
Waleed,Male
Walid,Male
Wassem,Male
Wessam,Female
Yahia,Male
Yahya,Male
Yamen,Male
Yara,Female
Yasen,Male
Yaser,Male
Yasin,Male
Yasmeen,Female
Yasmen,Female
YASMIN,Female
yasmin,Female
Yasmin,Female
Yasmina,Female
Yasmine,Female
Yassen,Male
yasser,Male
Yasser,Male
Yassin,Male
Yassmen,Female
Yassmin,Female
yassmin,Female
Yassmine,Female
Yehia,Male
Yessmine,Female
Yosef,Male
Yosra,Female
Yostina,Female
Yousef,Male
Yousif,Male
Yousra,Female
youssef,Male
Youssif,Male
Yusuf,Male
Zaghloul,Male
Zaher,Male
Zahra,Female
Zahraa,Female
zainab,Female
zaineb,Female
Zakaria,Male
Zezo,Male
Ziad,Male
zienab,Female
Zozza,Female
أبانوب,Male
إبتسام,Female
إبرام,Male
إبراهام,Male
أبراهيم,Male
إبراهيم,Male
إبرهيم,Male
أبنوب,Male
أبو,Male
أبو الحسن,Male
أبو بكر,Male
أبو طالب,Male
أبوالحسن,Male
أبوبكر,Male
أبوحسن,Male
أبوطالب,Male
أتحاد,Company
إتحاد,Company
إتحادات,Company
أتليه,Company
أتيليه,Company
أثناسيوس,Male
أجلال,Female
إجلال,Female
أجمد,Male
أحزاب,Company
أحلام,Female
آحمد,Male
أحمد,Male
أخنوخ,Male
إدارات,Company
إدارة,Company
إداره,Company
إدريس,Male
آدم,Male
أدهم,Male
إدوار,Male
إدوارد,Male
إدور,Male
إدورد,Male
أديب,Male
أرزاق,Female
أرسانيوس,Male
أرمانيوس,Male
أرميا,Male
أروى,Female
أروي,Female
أريج,Female
إرين,Female
إريني,Female
أزهار,Female
أزيس,Female
إزيس,Female
أسامة,Male
أسامه,Male
أستاذ,Male
أستاذة,Female
أستاذه,Female
إسحاق,Male
أسد,Male
آسر,Male
أسر,Male
أسراء,Female
إسراء,Female
إسعاد,Female
أسعد,Male
أسلام,Male
أسما,Female
أسماء,Female
أسماعيل,Male
إسماعيل,Male
أسمر,Male
أسمهان,Female
أسواق,Company
آسيا,Female
أسيل,Female
أشجان,Female
أشرف,Male
أشرقت,Female
أشواق,Female
أصالة,Female
أصاله,Female
إعتدال,Female
أغاثون,Male
أغسطينوس,Male
إفرايم,Male
أفكار,Female
أفنان,Female
أكاديمية ,Company
أكثم,Male
إكرام,Female
إكرامى,Male
إكرامي,Male
أكرم,Male
أكسم,Male
أكمل,Male
آلاء,Female
ألاء,Female
ألبرت,Male
ألبير,Male
ألبيرت,Male
ألفت,Female
ؤلفت,Female
ألفى,Male
ألفي,Male
ألكيس,Male
إلهام,Female
إلهامى,Male
إلهامي,Male
إلياس,Male
إلين,Female
أم,Female
آمال,Female
أمال,Female
إمام,Male
أمانى,Female
أماني,Female
أمجد,Male
أمل,Female
آمنة,Female
أمنة,Female
آمنه,Female
أمنية,Female
أمنيه,Female
أمير,Male
أميرة,Female
أميره,Female
أميمة,Female
أميمه,Female
أمين,Male
أمينة,Female
أمينه,Female
إنتصار,Female
أنجلوس,Male
إنجى,Female
إنجي,Female
أندراوس,Male
أندرو,Male
أندرواس,Male
أندريا,Male
أنس,Male
إنصاف,Female
أنطوان,Male
أنطون,Male
أنطونى,Male
أنطوني,Male
أنطونيوس,Male
إنعام,Female
أنغام,Female
أنهار,Female
أنوار,Female
أنور,Male
أنيس,Male
أنيسة,Female
أنيسه,Female
أهاب,Male
إهاب,Male
أهداب,Female
أوغسطينوس,Male
أولفت,Female
آيات,Female
إياد,Male
آية,Female
أية,Female
آيتن,Female
أيتن,Female
إيثار,Female
إيرين,Female
إيريني,Female
أيزيس,Female
إيزيس,Female
إيلين,Female
إيمان,Female
أيمن,Male
إيناس,Female
آيه,Female
أيه,Female
إيهاب,Male
أيوب,Male
ابانوب,Male
ابتسام,Female
ابتهاج,Female
ابتهال,Female
ابرام,Male
ابراهام,Male
ابراهيم,Male
ابرهيم,Male
ابنوب,Male
ابو,Male
ابو الحسن,Male
ابو بكر,Male
ابوالحسن,Male
ابوبكر,Male
اتحاد,Company
اتحادات,Company
اتليه,Company
اتيليه,Company
اثناسيوس,Male
اجلال,Female
اجمد,Male
احزاب,Company
احلام,Female
احمد,Male
اخنوخ,Male
ادارات,Company
ادارة,Company
اداره,Company
ادريس,Male
ادم,Male
ادهم,Male
ادوار,Male
ادوارد,Male
ادور,Male
ادورد,Male
اديب,Male
ارزاق,Female
ارسانيوس,Male
ارمانيوس,Male
ارميا,Male
اروى,Female
اروي,Female
اريج,Female
ارين,Female
ارينى,Female
اريني,Female
ازهار,Female
ازيس,Female
اسامة,Male
اسامه,Male
استاذ,Male
استاذة,Female
استاذه,Female
استر,Male
اسحاق,Male
اسحق,Male
اسد,Male
اسر,Male
اسراء,Female
اسطفانوس,Male
اسعاد,Female
اسعد,Male
اسما,Female
اسماء,Female
اسماعيل,Male
اسمر,Male
اسمعيل,Male
اسمهان,Female
اسواق,Company
اسيا,Female
اسيل,Female
اشجان,Female
اشرف,Male
اشرقت,Female
اشواق,Female
اصالة,Female
اصاله,Female
اعتدال,Female
اعتماد,Female
اغاثون,Male
اغسطينوس,Male
افرايم,Male
افكار,Female
افنان,Female
اكاديمية,Company
اكاديميه,Company
اكثم,Male
اكرام,Female
اكرامى,Male
اكرامي,Male
اكرم,Male
اكسم,Male
اكمل,Male
الأتحاد,Company
الإتحاد,Company
الأتحادات,Company
الإتحادات,Company
الأتليه,Company
الأتيليه,Company
الأحزاب,Company
الأحمدى,Male
الأحمدي,Male
الأدارات,Company
الإدارات,Company
الأدارة,Company
الإدارة,Company
الأداره,Company
الإداره,Company
الأكاديمية,Company
الألفى,Male
الألفي,Male
الإمام,Male
الأمير,Male
الاء,Female
الاتحاد,Company
الاتحادات,Company
الاتليه,Company
الاتيليه,Company
الاحزاب,Company
الاحمدى,Male
الاحمدي,Male
الادارة,Company
الاداره,Company
الاستديو,Company
الاستوديو,Company
الاكاديمية,Company
الامام,Male
الامير,Male
"الاندية ",Company
"الانديه ",Company
الباتعة,Female
الباتعه,Female
الباز,Male
البتول,Female
البحيرى,Male
البحيري,Male
البدرى,Male
البدري,Male
البراء,Male
البرت,Male
البرنس,Male
البلتاجى,Male
البلتاجي,Male
البنوك,Company
البيت,Company
البير,Male
البيرت,Male
التابعى,Male
التابعي,Male
التاجر,Company
التهامى,Male
التهامي,Male
التوكيل,Company
التوكيلات,Company
الجارحى,Male
الجارحي,Male
الجامعات,Company
الجامعة,Company
الجامعه,Company
الجريدة,Company
الجريده,Company
الجماعات,Company
الجماعة,Company
الجماعه,Company
الجمال,Male
الجمعيات,Company
الجمعية,Company
الجمعيه,Company
الجمل,Male
الجنة,Company
الجندى,Male
الجندي,Male
الجنه,Company
الجهاز,Company
الجيش,Company
الحاجة,Female
الحاجه,Female
الحارث,Male
الحجاجى,Male
الحجاجي,Male
الحجة,Female
الحجه,Female
الحربى,Male
الحربي,Male
الحزب,Company
الحسن,Male
الحسنات,Male
الحسنين,Male
الحسين,Male
الحسينات,Male
الحسينى,Male
الحسيني,Male
الحضانة,Company
الحضانه,Company
الحى,Company
الحي,Company
الخطيب,Male
"الدار ",Company
الدسوقى,Male
الدسوقي,Male
الدمرداش,Male
الدهشان,Male
"الدير ",Company
"الديوان ",Company
الرخاوى,Male
الرخاوي,Male
الرفاعى,Male
الرفاعي,Male
الزعيم,Male
الزغبى,Male
الزغبي,Male
الزيادى,Male
الزيادي,Male
السادات,Male
الساعى,Male
الساعي,Male
السباعى,Male
السباعي,Male
السبكى,Male
السبكي,Male
"السجن ",Company
السجون,Company
السعداوى,Male
السعداوي,Male
السعدى,Male
السعدي,Male
السعودى,Male
السعودي,Male
السعيد,Male
السفارات,Company
السفارة,Company
السفاره,Company
السكرى,Male
السكري,Male
السمان,Male
السيد,Male
السيدة,Female
السيده,Female
السيسى,Male
السيسي,Male
الشاذلى,Male
الشاذلي,Male
الشاطر,Male
الشافعى,Male
الشافعي,Male
الشامى,Male
الشامي,Male
الشبراوى,Male
الشبراوي,Male
الشحات,Male
الشرباصى,Male
الشرباصي,Male
الشربينى,Male
الشربيني,Male
الشركة,Company
"الشركه ",Company
الشرنوبى,Male
الشرنوبي,Male
الششتاوى,Male
الششتاوي,Male
الشعراوى,Male
الشعراوي,Male
الشناوى,Male
الشناوي,Male
الشهابى,Male
الشهابي,Male
الشهاوى,Male
الشهاوي,Male
الشوادفى,Male
الشوادفي,Male
الشوالى,Male
الشوالي,Male
الشيماء,Female
الصادق,Male
الصاوى,Male
الصاوي,Male
الصندوق,Company
الصيدلية,Company
الصيدليه,Company
الطاهر,Male
الطاهرة,Female
الطاهره,Female
الطبلاوى,Male
الطبلاوي,Male
الطحاوى,Male
الطهرة,Female
الطهره,Female
الطوخى,Male
الطوخي,Male
الطيب,Male
العارف,Male
العالمية,Company
العالميه,Company
العانوت,Female
العربى,Male
العربي,Male
العزب,Male
العشرى,Male
العشري,Male
العقاد,Male
العمدة,Male
العمده,Male
العنود,Female
العيادات,Company
العيادة,Company
العياده,Company
العيسوى,Male
العيسوي,Male
الغرفة التجارية,Company
الغرفة التجاريه,Company
الغرفه التجارية,Company
الغرفه التجاريه,Company
الغريب,Male
الغزالى,Male
الغزالي,Male
الغندور,Male
الفاتح,Male
الفاروق,Male
الفت,Female
الفرماوى,Male
الفرماوي,Male
الفنادق,Company
الفنان,Male
الفنانة,Female
الفنانه,Female
الفندق,Company
الفى,Male
الفي,Male
القاعات,Company
القاعة,Company
القاعه,Company
القس,Male
القص,Male
القطاع,Company
القطاع الأمنى,Company
القطاع الأمني,Company
القطاع الامنى,Company
القطاع الامني,Company
القمص,Male
القنصلية,Company
القنصليه,Company
الكازينو,Company
الكافية,Company
الكافيتريا,Company
الكافيه,Company
الكافيهات,Company
الكليات,Company
الكلية,Company
الكليه,Company
الكنائس,Company
الكنيسة,Company
الكنيسه,Company
الكوافير,Company
اللوء,Male
الليثى,Male
الليثي,Male
المؤسسات,Company
المؤسسة,Company
المؤسسه,Company
المتاجر,Company
المتاحف,Company
المتجر,Company
المتحف,Company
المتولى,Male
المتولي,Male
المجالس,Company
المجلس,Company
المجلس مدينة,Company
المجمع,Company
المجمعات,Company
المجموعات,Company
المجموعة,Company
المجموعه,Company
المحافظات,Company
المحافظة,Company
المحافظه,Company
"المحاكم ",Company
"المحطة الوطنية ",Company
"المحطة مياة ",Company
"المحطة مياه ",Company
"المحطه الوطنيه ",Company
"المحطه مياه ",Company
"المحكمة ",Company
"المحكمه ",Company
"المحل ",Company
"المحلات ",Company
المحمدي,Male
"المخازن ",Company
"المخزن ",Company
المداح,Male
"المدارس ",Company
المدثر,Male
"المدرسة ",Company
"المدرسه ",Company
"المديريات ",Company
"المديرية ",Company
"المديريه ",Company
"المراسم العزاء ",Company
"المراسم عزاء ",Company
"المراكز ",Company
المرسى,Male
المرسي,Male
"المركز ",Company
"المركز الطبى ",Company
"المركز الطبي ",Company
"المزارع ",Company
"المزرعة ",Company
"المزرعه ",Company
"المساجد ",Company
المستشار,Male
"المستشفى ",Company
"المستشفي ",Company
"المستشفيات ",Company
"المستوصف ",Company
"المستوصفات ",Company
"المسجد ",Company
"المشاريع ",Company
"المشروع ",Company
"المصالح ",Company
"المصانع ",Company
المصرى,Male
المصري,Male
المصلح,Male
"المصلحة ",Company
"المصلحه ",Company
"المصنع ",Company
"المطابع ",Company
"المطاحن ",Company
"المطار ",Company
"المطارات ",Company
"المطاعم ",Company
"المطبعة ",Company
"المطبعه ",Company
"المطحن ",Company
"المطعم ",Company
"المعارض ",Company
"المعامل ",Company
"المعاهد ",Company
المعتز,Male
المعتصم,Male
"المعرض ",Company
"المعسكر ",Company
"المعسكرات ",Company
"المعمل ",Company
"المعهد ",Company
"المغاسل ",Company
المغربى,Male
المغربي,Male
"المغسلات ",Company
"المكاتب ",Company
"المكتب ",Company
"المكتب الحكومى ",Company
"المكتب الحكومي ",Company
"المكتب حكومى ",Company
"المكتب حكومي ",Company
"المكتبات ",Company
"المكتبة ",Company
"المكتبه ",Company
"الملاجئ ",Company
"الملجأ ",Company
"المناطق ",Company
"المنتجع ",Company
"المنتجعات ",Company
"المنطقة ",Company
"المنطقه ",Company
"المنظمات ",Company
"المنظمة ",Company
"المنظمه ",Company
المهدى,Male
المهدي,Male
الموجى,Male
الموجي,Male
"المول ",Company
"المولات ",Company
"الميناء ",Company
"النادي ",Company
"الناشر الكتب ",Company
النبوى,Male
النبوي,Male
"النقابات ",Company
"النيابات ",Company
الهادى,Male
الهادي,Male
الهام,Female
الهامى,Male
الهامي,Male
"الهايبر ",Company
"الهيئات ",Company
"الهيئة ",Company
"الهيئه ",Company
"الوحدات ",Company
"الوحدة المحلية ",Company
"الوحدة محلية ",Company
"الورش ",Company
"الورشة ",Company
"الورشه ",Company
"الوزارات ",Company
"الوزارة ",Company
"الوزاره ",Company
"الوكالات ",Company
"الوكالة ",Company
"الوكاله ",Company
الوليد,Male
الوهيدى,Male
الوهيدي,Male
اليا,Male
الياس,Male
اليكس,Male
الين,Female
ام,Female
امال,Female
امام,Male
امانى,Female
اماني,Female
امجد,Male
امل,Female
امنة,Female
امنه,Female
امنية,Female
امنيه,Female
امير,Male
اميرة,Female
اميره,Female
اميل,Male
اميمة,Female
اميمه,Female
امين,Male
امينة,Female
امينه,Female
انتصار,Female
انجلوس,Male
انجى,Female
انجي,Female
اندراوس,Male
اندرو,Male
اندرواس,Male
اندريا,Male
"اندية ",Company
انس,Male
انشراح,Female
انصاف,Female
انطوان,Male
انطون,Male
انطونى,Male
انطوني,Male
انطونيوس,Male
انعام,Female
انغام,Female
انهار,Female
انوار,Female
انور,Male
انيس,Male
انيسة,Female
انيسه,Female
اهاب,Male
اهداب,Female
اوتيل,Company
اوغسطينوس,Male
اولفت,Female
ايات,Female
اياد,Male
اية,Female
ايتن,Female
ايثار,Female
ايرنى,Female
ايرني,Female
ايرنيى,Female
ايرنيي,Female
ايرين,Female
ايريني,Female
ايزيس,Female
ايلين,Female
ايمان,Female
ايمن,Male
ايناس,Female
ايه,Female
ايهاب,Male
ايوب,Male
باتعة,Female
باتعه,Female
باخوم,Male
باخوميوس,Male
باز,Male
باسل,Male
باسم,Male
باسمة,Female
باسمه,Female
باشا,Male
باغر,Male
باكينام,Female
باهر,Male
بثينة,Female
بثينه,Female
بحراوى,Male
بحراوي,Male
بحيرى,Male
بحيري,Male
بخيت,Male
بخيتة,Female
بخيته,Female
بدر,Male
بدران,Male
بدرى,Male
بدري,Male
بدرية,Female
بدريه,Female
بدور,Female
بدوى,Male
بدوي,Male
بدير,Male
بديع,Male
بديعة,Female
بديعه,Female
براءة,Female
براءه,Female
برديس,Female
برزى,Male
برزي,Male
برسوم,Male
برعى,Male
برعي,Male
بركات,Male
بركة,Male
بركه,Male
برنابا,Male
برنس,Male
برنسة,Female
برنسه,Female
برهام,Male
برهان,Male
بسام,Male
بسطامى,Male
بسطامي,Male
بسطاوى,Male
بسطاوي,Male
بسمة,Female
بسملة,Female
بسمله,Female
بسمه,Female
بسنت,Female
بسيم,Male
بسيمة,Female
بسيمه,Female
بسينة,Female
بسينه,Female
بسيونى,Male
بسيوني,Male
بشار,Male
بشارة,Male
بشاره,Male
بشاير,Female
بشرى,Female
بشري,Female
بشندى,Male
بشندي,Male
بشوى,Male
بشوي,Male
بشير,Male
بطة,Female
بطرس,Male
بطه,Female
بغدادى,Male
بغدادي,Male
بكر,Male
بكرى,Male
بكري,Male
بكينام,Female
بلال,Male
بلامون,Male
بلتاجى,Male
بلتاجي,Male
بلقيس,Female
بليغ,Male
بموا,Male
بندليمون,Male
بنك,Company
بنك الدم,Company
بنك دم,Company
بنوك,Company
بنيامين,Male
بهاء,Male
بهتينى,Male
بهتيني,Male
بهجة,Female
بهجت,Male
بهجه,Female
بهنسى,Male
بهنسي,Male
بهية,Female
بهيج,Male
بهير,Male
بهيه,Female
بوسى,Female
بوسي,Female
بولا,Male
بولس,Male
بيباوى,Male
بيباوي,Male
بيتر,Male
بيشو,Male
بيشواي,Male
بيشوى,Male
بيشوي,Male
بيلى,Male
بيلي,Male
بيمن,Male
بيوتى سنتر,Company
بيوتي سنتر,Company
بيومى,Male
بيومي,Male
تاج,Male
تاجر,Company
تامر,Male
تانيا,Female
تحية,Female
تحيه,Female
تريزا,Female
تريزة,Female
تريزه,Female
تسنيم,Female
تغريد,Female
تفاحة,Female
تفاحه,Female
تقوى,Female
تقوي,Female
تقى,Female
تقي,Female
تمارا,Female
تمارة,Female
تماره,Female
تميم,Male
تهامى,Male
تهامي,Male
تهانى,Female
تهاني,Female
توادروس,Male
تواضرس,Male
تواضروس,Male
توحة,Female
توحه,Female
تورهان,Female
توفيق,Male
توكل,Male
توكيل,Company
توكيلات,Company
توماس,Male
تونسى,Male
تونسي,Male
تونى,Male
توني,Male
تيموثاوس,Male
تيمور,Male
ثائر,Male
ثابت,Male
ثروت,Male
ثريا,Female
ثرية,Female
ثريه,Female
ثناء,Female
جاب,Male
جابر,Male
جاد,Male
جارحى,Male
جارحي,Male
جاسر,Male
جاسم,Male
جاك,Male
جاكلين,Female
جاكى,Male
جاكي,Male
جامعات,Company
جامعة,Company
جامعه,Company
جان,Female
جاويش,Male
جبالى,Male
جبالي,Male
جبر,Male
جبرائيل,Male
جبريل,Male
جرجس,Male
جريدة,Company
جريده,Company
جعفر,Male
جلال,Male
جليلة,Female
جليله,Female
جماعات,Company
جماعة,Company
جماعه,Company
جمالات,Female
جمعة,Male
جمعه,Male
جمعيات,Company
جمعية,Company
جمعيه,Company
جمل,Male
جملات,Female
جميل,Male
جميلة,Female
جميله,Female
جنات,Female
جنان,Female
جندى,Male
جندي,Male
جهاز,Company
جواد,Male
جواهر,Female
جودة,Male
جوده,Male
جودى,Female
جودي,Female
جورج,Male
جورجينا,Female
جوزيف,Male
جول,Male
جومانا,Female
جومانة,Female
جومانه,Female
جون,Male
جوناثان,Male
جوهر,Male
جويدة,Male
جويده,Male
جيد,Male
جيسى,Female
جيسي,Female
جيش,Company
جيفارا,Male
جيلان,Female
"جيم ",Company
جيمى,Male
جيمي,Male
جينا,Female
جيهان,Female
حاتم,Male
حاج,Male
حاجة,Female
حاجه,Female
حارث,Male
حارس,Male
حازم,Male
حافظ,Male
حاكم,Female
حامد,Male
حامى,Male
حامي,Male
حبشى,Male
حبشي,Male
حبيب,Male
حبيبة,Female
حبيبه,Female
حج,Male
حجاج,Male
حجاجى,Male
حجاجي,Male
حجازى,Male
حجازي,Male
حجة,Female
حجه,Female
حجى,Male
حجي,Male
حذيفة,Male
حذيفه,Male
حربى,Male
حربي,Male
حرية,Female
حريه,Female
حزب,Company
حزقيال,Male
حسام,Male
حسان,Male
حسانى,Male
حساني,Male
حسانين,Male
حسب,Male
حسن,Male
حسناء,Female
حسنات,Male
حسنة,Female
حسنه,Female
حسنى,Male
حسني,Male
حسنية,Female
حسنين,Male
حسنيه,Female
حسونة,Male
حسونه,Male
حسيب,Male
حسين,Male
حسينات,Male
حسينى,Male
حسيني,Male
حضانات,Company
حضانة,Company
حضانه,Company
حفصة,Female
حفصه,Female
حفناوى,Male
حفناوي,Male
حفنى,Male
حفني,Male
حكمت,Female
حكيم,Male
حلمى,Male
حلمي,Male
حلويات,Female
حليم,Male
حليمة,Female
حليمه,Female
حماد,Male
حمادة,Male
حماده,Male
حماقى,Male
حماقي,Male
حمام,Male
حمامة,Male
حمامه,Male
حمد,Male
حمدان,Male
حمدى,Male
حمدي,Male
حمدية,Female
حمدين,Male
حمديه,Female
حمزاوى,Male
حمزاوي,Male
حمزة,Male
حمزه,Male
حمو,Male
حمود,Male
حمودة,Male
حموده,Male
حميد,Male
حميدة,Female
حميده,Female
حميدو,Male
حنا,Male
حنان,Female
حنفى,Male
حنفي,Male
حنين,Female
حودة,Male
حور,Female
حورية,Female
حوريه,Female
"حى ",Company
حي,Company
حياة,Female
حياه,Female
حيدر,Male
خالد,Male
خالدة,Female
خالده,Female
خديجة,Female
خديجه,Female
خضر,Male
خضرة,Female
خضره,Female
خضيري,Male
خطاب,Male
خطيب,Male
خفاجة,Male
خفاجه,Male
خفاجي,Male
خلدون,Male
خلف,Male
خلود,Female
خليفة,Male
خليفه,Male
خليل,Male
خميس,Male
خير الله,Male
خيرالله,Male
خيرت,Male
خيرى,Male
خيري,Male
خيرية,Female
خيريه,Female
دار,Company
"دار أفتاء ",Company
دار إفتاء,Company
دار أيتام,Company
دار افتا,Company
دار افتاء,Company
دار الأفتاء,Company
دار الإفتاء,Company
دار الأيتام,Company
دار الايتام,Company
"دار المسنين ",Company
"دار ايتام ",Company
دار للأيتام,Company
دار للايتام,Company
دار للمسنين,Company
دار مسنين,Company
دارين,Female
داليا,Female
دانيال,Male
داهش,Male
داود,Male
داوود,Male
دراهم,Female
درويش,Male
درية,Female
دريه,Female
دسوقى,Male
دسوقي,Male
دعاء,Female
دعلى,Male
دعلي,Male
دكتور,Male
دكتورة,Female
دكتوره,Female
دلال,Female
دمرداش,Male
دميان,Male
دميانا,Female
دميانة,Female
دميانه,Female
دنيا,Female
دنيال,Male
دهب,Female
دهشان,Male
دولت,Female
دويدار,Male
دياب,Male
ديانا,Female
دير,Company
ديفيد,Male
ديميترى,Male
ديميتري,Male
دينا,Female
ديوان,Company
ذكرى,Male
ذكري,Male
ذكريا,Male
ذكريات,Female
ذكى,Male
ذكي,Male
ذكية,Female
ذكيه,Female
ذو الفقار,Male
ذوالفقار,Male
ذياد,Male
رؤؤف,Male
رؤف,Male
رأفت,Male
رؤوف,Male
رؤى,Female
رؤي,Female
رؤية,Female
رئيس,Male
رئيسة,Female
رئيسه,Female
رئيفة,Female
رئيفه,Female
رؤيه,Female
رائد,Male
رائدة,Female
رائده,Female
رائف,Male
رائى,Male
رائي,Male
رابحة,Female
رابحه,Female
رابعة,Female
رابعه,Female
راتب,Male
راجح,Male
راجية,Female
راجيه,Female
راسم,Male
راشد,Male
راضى,Male
راضي,Male
راضية,Female
راضيه,Female
راغب,Male
رافائيل,Male
رافت,Male
رافع,Male
رامز,Male
رامى,Male
رامي,Male
رانا,Female
راندا,Female
رانيا,Female
راوى,Male
راوي,Male
راوية,Female
راويه,Female
رباب,Female
رباح,Male
ربيع,Male
ربيعة,Male
ربيعه,Male
رتنيا,Female
رتيبة,Female
رتيبه,Female
رجاء,Female
رجائى,Male
رجائي,Male
رجب,Male
رحاب,Female
رحمة,Female
رحمه,Female
رحيل,Male
رحيم,Male
رخاوى,Male
رخاوي,Male
رزان,Female
رزق,Male
رزيقى,Male
رزيقي,Male
رسلان,Male
رسمى,Male
رسمي,Male
رسمية,Female
رسميه,Female
رسول,Male
رشا,Female
رشاد,Male
رشدان,Male
رشدى,Male
رشدي,Male
رشوان,Male
رشيد,Male
رشيدة,Female
رشيده,Female
رضا,Male
رضوان,Male
رضوى,Female
رضوي,Female
رغد,Female
رغداء,Female
رغدة,Female
رغده,Female
رفاعى,Male
رفاعي,Male
رفعت,Male
رفقى,Male
رفقي,Male
رفيدة,Female
رفيده,Female
رفيع,Male
رفيق,Male
رقية,Female
رقيه,Female
رماح,Male
رمانى,Male
رماني,Male
رمزى,Male
رمزي,Male
رمزية,Female
رمزيه,Female
رمسيس,Male
رمضان,Male
رنا,Female
رندا,Female
رندة,Female
رنده,Female
رنيا,Female
رنين,Female
رهف,Female
روؤف,Male
روان,Female
روبرت,Male
روبى,Female
روبي,Female
روبيرت,Male
روجينا,Female
روحية,Female
روحيه,Female
رودى,Female
رودي,Female
روز,Female
روضة,Female
روضه,Female
روفان,Female
روفيدا,Female
روفيدة,Female
روفيده,Female
روقية,Female
روقيه,Female
رولا,Female
رومان,Male
رومانى,Male
روماني,Male
روميل,Male
رونى,Male
روني,Male
رويس,Male
رياض,Male
ريتاج,Female
ريحاب,Female
ريحان,Male
ريم,Female
ريماس,Female
ريمون,Male
ريموندا,Female
ريهام,Female
زارع,Male
زاهر,Male
زاهى,Male
زاهي,Male
زاهية,Female
زاهيه,Female
زايد,Male
زبيدة,Female
زبيده,Female
زعيم,Male
زغبى,Male
زغبي,Male
زغدى,Male
زغدي,Male
زغلول,Male
زكريا,Male
زكى,Male
زكي,Male
زكية,Female
زكيه,Female
زناتى,Male
زناتي,Male
زهراء,Female
زهران,Male
زهرة,Female
زهره,Female
زوزو,Female
زياد,Male
زيادى,Male
زيادي,Male
زيدان,Male
زيزى,Female
زيزي,Female
زين,Male
زينا,Female
زينات,Female
زينب,Female
زينة,Female
زينه,Female
زينهم,Male
زينيب,Female
سائح,Male
سائد,Male
سائدة,Female
سائده,Female
سائر,Male
سابق,Male
ساجد,Male
سادات,Male
سارة,Female
ساره,Female
ساطع,Male
ساعد,Male
ساعدة,Female
ساعده,Female
ساعى,Male
ساعي,Male
ساكن,Male
سالم,Male
سالى,Female
سالي,Female
سام,Male
سامح,Male
سامر,Male
سامع,Male
ساموراى,Male
ساموراي,Male
سامى,Male
سامي,Male
سامية,Female
ساميه,Female
ساندرا,Female
ساندرة,Female
ساندره,Female
ساندى,Female
ساندي,Female
سانوسى,Male
سانوسي,Male
ساهر,Male
ساويرس,Male
ساير,Male
سباعى,Male
سباعي,Male
سبع,Male
سبعاوى,Male
سبعاوي,Male
سبكى,Male
سبكي,Male
ست,Female
"ستديو ",Company
ستشار,Male
ستوديو,Company
ستيتة,Female
ستيته,Female
ستيفن,Male
سجا,Female
سجدة,Female
سجده,Female
سجن,Company
سجود,Female
سجون,Company
سجى,Female
سحر,Female
سداوى,Male
سداوي,Male
سدرة,Female
سدره,Female
سراج,Male
سرحان,Male
سركيس,Male
سرور,Male
سرى,Male
سري,Male
سرياقوسى,Male
سرياقوسي,Male
سرية,Female
سريه,Female
سطس,Male
سطوحى,Male
سطوحي,Male
سعاد,Female
سعادات,Female
سعادة,Female
سعاده,Female
سعد,Male
سعد الله,Male
سعدات,Female
سعدالله,Male
سعدان,Male
سعدانى,Male
سعداني,Male
سعداوى,Male
سعداوي,Male
سعدون,Male
سعدونى,Male
سعدوني,Male
سعدى,Male
سعدي,Male
سعدية,Female
سعديه,Female
سعفان,Male
سعود,Male
سعودى,Male
سعودي,Male
سعيد,Male
سعيدة,Female
سعيده,Female
سفارات,Company
سفارة,Company
"سفاره ",Company
سفيان,Male
سفير,Male
سفيرة,Female
سفيره,Female
سقراط,Male
سكر,Male
سكران,Male
سكرة,Female
سكره,Female
سكرى,Male
سكري,Male
سكينة,Female
سكينه,Female
سلامة,Male
سلامه,Male
سلسبيل,Female
سلطان,Male
سلطانة,Female
سلطانه,Female
سلفانا,Female
سلفانة,Female
سلفانه,Female
سلمان,Male
سلمى,Female
سلمي,Female
سلومة,Male
سلومه,Male
سلوى,Female
سلوي,Female
سليم,Male
سليمان,Male
سليمانى,Male
سليماني,Male
سلين,Female
سما,Female
سماء,Female
سماح,Female
سماحة,Male
سماحه,Male
سماحى,Male
سماحي,Male
سمان,Male
سمانة,Female
سمبل,Male
سمحان,Male
سمر,Female
سمراء,Female
سمسم,Male
سمعان,Male
سمعة,Male
سمعه,Male
سمعون,Male
سمية,Female
سميح,Male
سميحة,Female
سميحه,Female
سمير,Male
سميرة,Female
سميره,Female
سميه,Female
سناء,Female
"سناتر ",Company
سنبل,Male
سنتر,Company
سنجر,Male
سند,Male
سندريلا,Female
سندس,Female
سنوسى,Male
سنوسي,Male
سنية,Female
سنيما,Company
سنيه,Female
سنيورة,Female
سنيوره,Female
سها,Female
سهام,Female
سهر,Female
سهرة,Female
سهره,Female
سهى,Female
سهي,Female
سهير,Female
سهيل,Male
سهيلة,Female
سهيله,Female
سواح,Male
سوازن,Female
سوبر ماركت,Company
سوزان,Female
سوزى,Female
سوزي,Female
سوسن,Female
سوسو,Female
سوما,Female
سومة,Female
سومه,Female
سومية,Female
سوميه,Female
سونيا,Female
سويدان,Male
سويلم,Male
سيادة,Female
سياده,Female
سيد,Male
سيدات,Female
سيدة,Female
سيده,Female
سيسى,Male
سيسي,Male
سيف,Male
سيلفانا,Female
سيلين,Female
سيما,Company
سيمون,Male
سينما,Company
"سينيما ",Company
سيوفى,Male
سيوفي,Male
شادن,Female
شادى,Male
شادي,Male
شادية,Female
شاديه,Female
شاذلى,Male
شاذلي,Male
شارل,Male
شارلى,Male
شارلي,Male
شاروبيم,Male
شاطر,Male
شافع,Male
شافعى,Male
شافعي,Male
شاكر,Male
شاكيرا,Female
شالمار,Female
شاليمار,Female
شام,Female
شامة,Female
شامخ,Male
شامعون,Male
شامل,Male
شامه,Female
شامى,Male
شامي,Male
شامية,Female
شاميه,Female
شاهر,Male
شاهندا,Female
شاهندة,Female
شاهنده,Female
شاهين,Male
شاهيناز,Female
شبانة,Male
شبانه,Male
شبراوى,Male
شبراوي,Male
شبل,Male
شبيب,Male
شحات,Male
شحاتة,Male
شحاته,Male
شحتة,Male
شحته,Male
شدا,Female
شداد,Male
شدوة,Female
شدوه,Female
شدوى,Female
شدوي,Female
شدى,Female
شدي,Female
شديد,Male
شذا,Female
شذى,Female
شذي,Female
شربات,Female
شرباصى,Male
شرباصي,Male
شربيني,Male
شرف,Male
شرقاوى,Male
شرقاوي,Male
شركات,Company
شركة,Company
شركة بترول,Company
شركة طيران,Company
شركه,Company
"شركه بترول ",Company
"شركه طيران ",Company
شرنوبى,Male
شرنوبي,Male
شروق,Female
شريف,Male
شريفة,Female
شريفه,Female
شرين,Female
شريهان,Female
ششتاوى,Male
ششتاوي,Male
شعبان,Male
شعراوى,Male
شعراوي,Male
شعلان,Male
شعيب,Male
شعيشع,Male
شفيع,Male
شفيعة,Female
شفيعه,Female
شفيق,Male
شفيقة,Female
شفيقه,Female
شكر,Male
شكرى,Male
شكري,Male
شكرية,Female
شكريه,Female
شلبى,Male
شلبي,Male
شلبية,Female
شلبيه,Female
شلتوت,Male
شمروخ,Male
شمعون,Male
شناوى,Male
شناوي,Male
شنب,Male
شنودة,Male
شنوده,Male
شنودى,Male
شنودي,Male
شهاب,Male
شهابى,Male
شهابي,Male
شهاوى,Male
شهاوي,Male
شهد,Female
شهدان,Female
شهندة,Female
شهيب,Male
شهيد,Male
شهير,Male
شهيرة,Female
شهيره,Female
شهيناز,Female
شوادفى,Male
شوادفي,Male
شوالى,Male
شوالي,Male
شوبير,Male
شوشان,Male
شوق,Female
شوقى,Male
شوقي,Male
شوقية,Female
شوقيه,Female
شوكت,Male
شومان,Male
شويكار,Female
شيبان,Male
شيبة,Male
شيبه,Male
شيبوب,Male
شيخ,Male
شيخون,Male
شيرهان,Female
شيرويت,Female
شيرى,Female
شيري,Female
شيرين,Female
شيريهان,Female
شيما,Female
شيماء,Female
صائب,Male
صابحة,Female
صابحه,Female
صابر,Male
صابرة,Female
صابره,Female
صابرية,Female
صابرين,Female
صابريه,Female
صادق,Male
صافى,Female
صافي,Female
صافية,Female
صافيناز,Female
صافيه,Female
صالة ألعاب رياضية,Company
صالة ألعاب رياضيه,Company
صالح,Male
صالحين,Male
صاله ألعاب رياضية,Company
صاله ألعاب رياضيه,Company
صامؤئيل,Male
صامد,Male
صاموئيل,Male
صامويل,Male
صاوى,Male
صاوي,Male
صايم,Male
صبا,Female
صباح,Female
صباحى,Male
صباحي,Male
صبحى,Male
صبحي,Male
صبحية,Female
صبحيه,Female
صبرة,Female
صبره,Female
صبرى,Male
صبري,Male
صبرية,Female
صبرين,Female
صبريه,Female
صبور,Male
صبورة,Female
صبوره,Female
صبيح,Male
صحصاح,Male
صحفى,Male
صحفي,Male
صدام,Male
صدفة,Female
صدفه,Female
صدقة,Female
صدقه,Female
صدقى,Male
صدقي,Male
صدقية,Female
صدقيه,Female
صديق,Male
صديقة,Female
صديقه,Female
صغير,Male
صغيرة,Female
صغيره,Female
صفا,Female
صفاء,Female
صفوان,Male
صفوت,Male
صفى,Male
صفي,Male
صفية,Female
صفيه,Female
صقر,Male
صلاح,Male
صليب,Male
صمائيل,Male
صموئيل,Male
صموائيل,Male
صمويل,Male
صميدة,Male
صميده,Male
"صندوق ",Company
صهيب,Male
صوفى,Female
صوفي,Female
صوفيا,Female
صومائيل,Male
صياد,Male
صيام,Male
صيدليات,Company
صيدلية,Company
صيدليه,Company
ضابط,Male
ضاحى,Male
ضاحي,Male
ضحا,Female
ضحى,Female
ضحي,Female
ضرغام,Male
ضرغامى,Male
ضرغامي,Male
ضيا,Male
ضياء,Male
ضيف,Male
ضيف الله,Male
طائع,Male
طائل,Male
طارق,Male
طالب,Male
طالبة,Female
طالبه,Female
طالح,Female
طاهر,Male
طاهرة,Female
طاهره,Female
طايع,Male
طايل,Male
طايلة,Female
طايله,Female
طبلاوى,Male
طبلاوي,Male
طة,Male
طحاوى,Male
طحاوي,Male
طرزان,Male
طريف,Male
طلال,Male
طلبة,Male
طلبه,Male
طلحة,Male
طلحه,Male
طلعت,Male
طمان,Male
طنطاوى,Male
طنطاوي,Male
طنيوس,Male
طه,Male
طهرة,Female
طهره,Female
طوخى,Male
طوخي,Male
طومان,Male
طونى,Male
طوني,Male
طيار,Male
طيب,Male
ظابط,Male
ظريف,Male
ظريفة,Female
ظريفه,Female
عائشة,Female
عائشه,Female
عابد,Male
عابدين,Male
عابر,Male
عادل,Male
عادلى,Male
عارف,Male
عاشور,Male
عاصف,Male
عاصم,Male
عاطف,Male
عاكف,Male
عاليا,Female
عالية,Female
عاليه,Female
عامر,Male
عايد,Male
عايدة,Female
عايده,Female
عبادة,Male
عباده,Male
عباس,Male
عبد,Male
عبدة,Male
عبده,Male
عبلة,Female
عبله,Female
عبود,Male
عبودى,Male
عبودي,Male
عبيد,Male
عبير,Female
عتاب,Female
عتمان,Male
عثمان,Male
عجايبي,Male
عجمى,Male
عجمي,Male
عجيب,Male
عدل,Male
عدلى,Male
عدلي,Male
عدنان,Male
عدوى,Male
عدوي,Male
عدى,Male
عدي,Male
عديل,Male
عديلة,Female
عديله,Female
عرابى,Male
عرابي,Male
عراقى,Male
عراقي,Male
عربى,Male
عربي,Male
عرفات,Male
عرفان,Male
عرفة,Male
عرفه,Male
عريان,Male
عز,Male
عز الدين,Male
عزازى,Male
عزازي,Male
عزالدين,Male
عزام,Male
عزب,Male
عزة,Female
عزت,Male
عزمى,Male
عزمي,Male
عزه,Female
عزوز,Male
عزيز,Male
عزيزة,Female
عزيزه,Female
عسران,Male
عسكرية,Female
عسكريه,Female
عشرى,Male
عشري,Male
عشم,Male
عشماوى,Male
عشماوي,Male
عشور,Male
عصام,Male
عصفور,Male
عطا,Male
عطاالله,Male
عطوة,Male
عطوه,Male
عطيات,Female
عطية,Male
عطيتو,Male
عطيه,Male
عظيم,Male
عظيمة,Female
عظيمه,Female
عفاف,Female
عفيفى,Male
عفيفي,Male
عقاد,Male
عقيد,Male
عكاشة,Male
علا,Female
علاء,Male
علام,Male
علم,Male
علوى,Male
علوي,Male
علوية,Female
علويه,Female
على,Male
علي,Male
عليا,Female
علياء,Female
علية,Female
عليه,Female
عليوة,Male
عليوه,Male
عماد,Male
عمار,Male
عمارة,Male
عماره,Male
عمدة,Male
عمده,Male
عمر,Male
عمران,Male
عمرو,Male
عميد,Male
عميرة,Male
عميره,Male
عنايات,Female
عنتر,Male
عنيات,Female
عهد,Female
عهدى,Male
عهدي,Male
عواد,Male
عواطف,Female
عودة,Male
عوده,Male
عوض,Male
عوضين,Male
عوف,Male
عونى,Male
عوني,Male
عويس,Male
عويضة,Male
عويضه,Male
عياد,Male
عيادات,Company
عيادة,Company
عياده,Company
عيد,Male
عيسوى,Male
عيسوي,Male
عيسى,Male
عيسي,Male
غاادة,Female
غااده,Female
غادة,Female
غاده,Female
غازى,Male
غازي,Male
غالب,Male
غالى,Male
غالي,Male
غالية,Female
غاليه,Female
غانم,Male
غبريال,Male
غدير,Female
غرام,Female
غرباوى,Male
غرباوي,Male
غرفة تجارية,Company
غرفة تجاريه,Company
غرفه تجارية,Company
غرفه تجاريه,Company
غريب,Male
غزال,Male
غزالى,Male
غزالي,Male
غسان,Male
غطاس,Male
غلام,Male
غندور,Male
غنيم,Male
غياث,Male
غيث,Male
غيضان,Male
فؤاد,Male
فائق,Male
فائقة,Female
فائقه,Female
فاتح,Male
فاتن,Female
فاخر,Male
فادى,Male
فادي,Male
فادية,Female
فاديه,Female
فارس,Male
فاروق,Male
فاضل,Male
فاطمة,Female
فاطمه,Female
فاطيمة,Female
فاطيمه,Female
فاكر,Male
فالح,Male
فايد,Male
فايدة,Female
فايده,Female
فايز,Male
فايزة,Female
فايزه,Female
فايق,Male
فايقة,Female
فايقه,Female
فتح,Male
فتحى,Male
فتحي,Male
فتحية,Female
فتحيه,Female
فتنة,Female
فتنه,Female
فتوح,Male
فتوحة,Female
فتوحه,Female
فتيان,Male
فخرى,Male
فخري,Male
فخرية,Female
فخريه,Female
فراج,Male
فراس,Male
فرانسيس,Male
فرج,Male
فرحات,Male
فرحان,Male
فرحانة,Female
فرحانه,Female
فرحة,Female
فرحه,Female
فردوس,Female
فردووس,Female
فرغلى,Male
فرغلي,Male
فرماوى,Male
فرماوي,Male
فرناس,Male
فريال,Female
فريد,Male
فريدة,Female
فريده,Female
فصيحة,Female
فصيحه,Female
فضل,Male
فطيمة,Female
فطيمه,Female
فكرى,Male
فكري,Male
فكرية,Female
فكريه,Female
فلوباتير,Male
فليب,Male
فليبس,Male
فنادق,Company
فندق,Company
فهد,Male
فهمى,Male
فهمي,Male
فهيم,Male
فهيمة,Female
فهيمه,Female
فواد,Male
فواز,Male
فودة,Male
فوده,Male
فوزان,Male
فوزى,Male
فوزي,Male
فوزية,Female
فوزيه,Female
فوقية,Female
فوقيه,Female
فولى,Male
فولي,Male
فياض,Male
فيراس,Male
فيروز,Female
فيرونيكا,Female
فيريال,Female
فيصل,Male
فيفى,Female
فيفي,Female
فيفيان,Female
فيكتور,Male
فيلبس,Male
فيلوباتير,Male
فيليب,Male
فيليبس,Male
قاسم,Male
قاصد,Male
قاطمة,Female
قاطمه,Female
قاعات,Company
قاعة,Company
قاعه,Company
قبارى,Male
قباري,Male
قبطان,Male
قتادة,Male
قتاده,Male
قدرى,Male
قدري,Male
قدرية,Female
قدريه,Female
قديس,Male
قذافى,Male
قذافي,Male
قرنى,Male
قرني,Male
قرين,Male
قس,Male
قسطور,Male
قسم شرطة,Company
قسم شرطه,Company
قسمت,Female
قطاع,Company
قطاع أمن,Company
قطاع الأمن,Company
قطاع الامن,Company
قطاع امن,Company
قطب,Male
قمص,Male
قمصان,Male
قناوى,Male
قناوي,Male
قنديل,Male
قنصلية,Company
قنصليه,Company
قوت,Female
كابتن,Male
كارفور,Company
كارم,Male
كارولين,Female
كاريمان,Female
كازينو,Company
كاشف,Male
كاظم,Male
كافية,Company
كافيتريا,Company
كافيه,Company
كافيهات,Company
كامل,Male
كامليا,Female
كاميليا,Female
كبتن,Male
كحلاوى,Male
كحلاوي,Male
كرجيوس,Male
كرستين,Female
كرستينا,Female
كرلس,Male
كرلوس,Male
كرم,Male
كرولس,Male
كرولوس,Male
كروليس,Male
كريستوفر,Male
كريستين,Female
كريستينا,Female
كريم,Male
كريمان,Female
كريمة,Female
كريمه,Female
كلثوم,Female
كليات,Company
كليب,Male
كلية,Company
كليه,Company
كمال,Male
كميل,Male
كميليا,Female
كنائس,Company
كنيسة,Company
كنيسه,Company
كوافير,Company
كوافيرات,Company
كوثر,Female
كورلس,Male
كورولس,Male
كوفى شوب,Company
كوفي شوب,Company
كيرلس,Male
كيرلوس,Male
كيرليس,Male
كيرولس,Male
كيفين,Male
كيلانى,Male
كيلاني,Male
لؤى,Male
لؤي,Male
لاميس,Female
لبلبة,Female
لبلبه,Female
لبنا,Female
لبنة,Female
لبنه,Female
لبنى,Female
لبني,Female
لبيب,Male
لجان,Company
لجنة,Company
لجنه,Company
لحظى,Male
لحظي,Male
لطف,Male
لطفى,Male
لطفي,Male
لطيف,Male
لطيفة,Female
لطيفه,Female
لمعى,Male
لمعي,Male
لمياء,Female
لميس,Female
لوء,Male
لواء,Male
لواحظ,Female
لوجى,Female
لوجي,Female
لوجين,Female
لوجينا,Female
لورين,Female
لورينا,Female
لوزة,Female
لوزة,Female
لوزه,Female
لوسى,Female
لوسي,Female
لوكاس,Male
لويز,Male
لويس,Male
ليث,Male
ليثى,Male
ليثي,Male
ليف,Male
ليلة,Female
ليله,Female
ليلى,Female
ليلي,Female
ليليان,Female
لينا,Female
لينة,Female
مؤتمن,Male
مؤسسات,Company
مؤسسة,Company
مؤسسه,Company
مؤمن,Male
مؤمنة,Female
مؤمنه,Female
مأمون,Male
مؤنس,Male
مؤيد,Male
ماجد,Male
ماجدة,Female
ماجده,Female
ماجدي,Male
ماجى,Female
ماجي,Female
مادلين,Female
مادونا,Female
مارتن,Male
مارتينا,Female
مارجريت,Female
مارك,Male
"ماركت ",Company
ماركو,Male
مارلين,Female
مارى,Female
ماري,Female
ماريا,Female
ماريان,Female
مارينا,Female
ماريو,Male
مازن,Male
ماضى,Male
ماضي,Male
ماكريوس,Male
مالك,Male
مامون,Male
مانويل,Male
ماهر,Male
ماهى,Female
ماهي,Female
ماهيتاب,Female
ماهينور,Female
مايا,Female
مايس,Male
مايسة,Female
مايسه,Female
مايكل,Male
مبارك,Male
مبروك,Male
مبروكة,Female
مبروكه,Female
متاجر,Company
متاحف,Company
متجر,Company
متحف,Company
متولى,Male
متولي,Male
متى,Male
متي,Male
مجالس,Company
مجالس المدينة,Company
مجالس مدينة,Company
مجالس وزراء,Company
مجامع,Company
مجاهد,Male
مجد,Male
مجدة,Female
مجده,Female
مجدى,Male
مجدي,Male
مجلس,Company
مجلس المدينة,Company
مجلس الوزارات,Company
مجلس الوزراء,Company
مجلس مدينة,Company
مجلس وزراء,Company
مجمد,Male
مجمع,Company
مجمعات,Company
مجموعات,Company
مجموعة,Company
مجموعه,Company
مجيب,Male
مجيد,Male
مجيدة,Female
مجيده,Female
محارب,Male
محاسن,Female
محافظات,Company
محافظة,Company
محافظه,Company
"محاكم ",Company
محب,Male
محبوبة,Female
محبوبه,Female
محجوب,Male
محرم,Male
محروس,Male
محسن,Male
محسنة,Female
محسنه,Female
محسوب,Male
محطة البحوث الزراعية,Company
محطة البحوث زراعية,Company
"محطة الخرسانة ",Company
"محطة الخرسانه ",Company
"محطة الخيول ",Company
"محطة السكة الحديد ",Company
"محطة السكة حديد ",Company
"محطة السكه الحديد ",Company
"محطة الطاقة ",Company
"محطة الطاقه ",Company
"محطة الغاز ",Company
"محطة الكاوتش ",Company
"محطة الكهرباء ",Company
"محطة المياه ",Company
"محطة الوطنية ",Company
"محطة الوطنيه ",Company
"محطة بالنزين ",Company
محطة بحوث زراعية,Company
"محطة بنزين ",Company
"محطة خرسانة ",Company
"محطة خرسانه ",Company
"محطة خيول ",Company
"محطة سكة حديد ",Company
"محطة سكه حديد ",Company
"محطة طاقة ",Company
"محطة طاقه ",Company
"محطة غاز ",Company
"محطة كاوتش ",Company
"محطة كهرباء ",Company
"محطة مياة ",Company
"محطة مياه ",Company
"محطة وطنية ",Company
"محطه البنزين ",Company
"محطه الخيول ",Company
"محطه الطاقة ",Company
"محطه الغاز ",Company
"محطه الكاوتش ",Company
"محطه الكهرباء ",Company
"محطه بنزين ",Company
"محطه خرسانه ",Company
"محطه خيول ",Company
"محطه سكة حديد ",Company
"محطه طاقة ",Company
"محطه غاز ",Company
"محطه كاوتش ",Company
"محطه كهرباء ",Company
"محطه مياه ",Company
"محطه وطنية ",Company
"محطه وطنيه ",Company
محفوظ,Male
محكمة,Company
محكمه,Company
محل,Company
محلات,Company
محمج,Male
محمد,Male
محمدى,Male
محمدي,Male
محممود,Male
محمود,Male
محى,Male
محي,Male
محيى,Male
محيي,Male
مخائيل,Male
"مخازن ",Company
مختار,Male
"مخزن ",Company
مخلص,Male
مخلوف,Male
مداح,Male
مدارس,Company
مدام,Female
مدبولى,Male
مدبولي,Male
مدثر,Male
مدحت,Male
مدرسة,Company
مدرسه,Company
مدكور,Male
مدلين,Female
مدنى,Male
مدني,Male
مديحة,Female
مديحه,Female
"مديريات ",Company
"مديرية ",Company
"مديريه ",Company
مدين,Male
مراد,Male
"مراسم العزاء ",Company
"مراسم عزاء ",Company
"مراكز ",Company
"مراكز طبية ",Company
"مراكز طبيه ",Company
مرام,Female
مرتضى,Male
مرتضي,Male
مرجان,Male
مرجريت,Female
مرزوق,Male
مرزوقة,Female
مرزوقه,Female
مرسى,Male
مرسي,Male
مرسيل,Male
مرعى,Male
مرعي,Male
مرغنى,Male
مرغني,Male
مرفت,Female
مرفيت,Female
مرقس,Male
مرقص,Male
مركز,Company
"مركز الطبى ",Company
"مركز الطبي ",Company
"مركز طبى ",Company
"مركز طبي ",Company
مرنا,Female
مروان,Male
مروة,Female
مروه,Female
مروى,Female
مروي,Female
مريام,Female
مريان,Female
مريم,Female
"مزارع ",Company
"مزرعة ",Company
"مزرعه ",Company
مزنى,Male
مزني,Male
"مساجد ",Company
مساعد,Male
مستر,Male
مستشار,Male
مستشفى,Company
مستشفي,Company
"مستشفيات ",Company
"مستوصف ",Company
"مستوصفات ",Company
"مسجد ",Company
مسعد,Male
مسعود,Male
مسلم,Male
"مشاريع ",Company
مشاعل,Female
مشتشار,Male
مشتشفى,Company
مشتشفي,Company
مشرف,Male
مشروع,Company
مشعل,Male
مشمش,Male
مشهور,Male
مشهورة,Female
مشهوره,Female
مشير,Male
مشيرة,Female
مشيره,Female
مشيل,Male
"مصالح ",Company
"مصانع ",Company
مصباح,Male
مصدق,Male
مصرى,Male
مصري,Male
مصطفى,Male
مصطفي,Male
مصعب,Male
مصلح,Male
"مصلحة ",Company
"مصلحه ",Company
مصلحى,Male
مصلحي,Male
"مصنع ",Company
مصيلحى,Male
مصيلحي,Male
"مطابع ",Company
"مطاحن ",Company
"مطار ",Company
"مطارات ",Company
مطاعم,Company
مطاوع,Male
"مطبعة ",Company
"مطبعه ",Company
"مطحن ",Company
مطر,Male
مطعم,Company
مظلوم,Male
مظهر,Male
معاذ,Male
"معارض ",Company
معاز,Male
معاطى,Male
معاطي,Male
معالى,Female
معالي,Female
معامل,Company
"معاهد ",Company
معتز,Male
معتصم,Male
معتمد,Male
معتوق,Male
معرض,Company
معروف,Male
"معسكر ",Company
"معسكرات ",Company
معلم,Male
معمل,Company
معهد,Company
معوض,Male
معين,Male
مغازى,Male
مغازي,Male
"مغاسل ",Company
مغاورى,Male
مغاوري,Male
مغربى,Male
مغربي,Male
"مغسلات ",Company
"مغسلة ",Company
"مغسله ",Company
مفتاح,Male
مفدي,Male
مفرح,Male
مفيد,Male
مفيدة,Female
مفيده,Female
مقار,Male
مقبل,Male
مقبولة,Female
مقبوله,Female
مقدم,Male
"مكاتب ",Company
مكارم,Male
مكاريوس,Male
مكاوى,Male
مكاوي,Male
مكة,Female
مكتب,Company
"مكتب حكومى ",Company
"مكتب حكومي ",Company
"مكتبات ",Company
"مكتبة ",Company
"مكتبه ",Company
مكرم,Male
مكسيموس,Male
مكه,Female
"ملاجئ ",Company
ملازم,Male
ملاك,Female
"ملجأ ",Company
ملك,Female
ملكة,Female
ملكه,Female
مليجى,Male
مليجي,Male
ممتاز,Male
ممدوح,Male
منار,Female
"مناطق ",Company
منال,Female
منة,Female
"منتجع ",Company
"منتجعات ",Company
منتصر,Male
منجى,Male
منجي,Male
مندوب,Male
مندور,Male
منذر,Male
منسى,Male
منسي,Male
منصور,Male
"منطقة ",Company
"منطقه ",Company
"منظمات ",Company
"منظمة ",Company
"منظمه ",Company
منه,Female
منوفى,Male
منوفي,Male
منى,Female
مني,Female
منير,Male
منيرة,Female
منيره,Female
منيكا,Female
مها,Female
مهاب,Male
مهتدى,Male
مهتدي,Male
مهجة,Female
مهجه,Female
مهدى,Male
مهدي,Male
مهران,Male
مهند,Male
مهندس,Male
مهنى,Male
مهني,Male
مهيب,Male
مهيتاب,Female
مهينور,Female
موافى,Male
موافي,Male
موجى,Male
موجي,Male
مودة,Female
موده,Female
موريس,Male
موسسة,Company
موسسه,Company
موسى,Male
موسي,Male
موفق,Male
"مول ",Company
"مولات ",Company
مومن,Male
مونيكا,Female
مى,Female
مي,Female
ميادة,Female
مياده,Female
ميار,Female
ميان,Female
ميخائيل,Male
ميرا,Female
ميرفت,Female
ميرفيت,Female
ميرنا,Female
ميرهان,Female
ميرهيان,Female
ميري,Female
ميساء,Female
ميسون,Female
ميشيل,Male
ميكل,Male
ميلاد,Male
ميمونة,Female
ميمونه,Female
ميمى,Female
ميمي,Female
مينا,Male
"ميناء ",Company
مينار,Female
ميناس,Male
نائل,Male
ناجح,Male
ناجى,Male
ناجي,Male
نادر,Male
نادرة,Female
نادره,Female
ناديا,Female
نادية,Female
ناديرة,Female
ناديره,Female
ناديم,Male
نادين,Female
ناديه,Female
ناروز,Female
ناريمان,Female
نازج,Female
نازك,Female
نازلى,Female
نازلي,Female
ناشد,Male
"ناشر الكتب ",Company
"ناشر كتب ",Company
ناصر,Male
ناصرة,Female
ناصره,Female
ناصف,Male
ناظلى,Female
ناظلي,Female
نافع,Male
نانسى,Female
نانسي,Female
نانى,Female
ناني,Female
ناهد,Female
نايرة,Female
نايره,Female
نايف,Male
نبهان,Male
نبوى,Male
نبوي,Male
نبوية,Female
نبويه,Female
نبيل,Male
نبيلة,Female
نبيله,Female
نبيه,Male
نبيهة,Female
نبيهه,Female
نجات,Female
نجاح,Male
نجار,Male
نجاه,Female
نجدى,Male
نجدي,Male
نجلاء,Female
نجلة,Female
نجم,Male
نجمة,Female
نجمه,Female
نجوان,Female
نجوى,Female
نجوي,Female
نجيب,Male
نجيبة,Female
نجيبه,Female
نجية,Female
نجيله,Female
نجيه,Female
نحمدة,Female
نحمده,Female
ندا,Female
نداء,Female
ندى,Female
ندي,Female
ندية,Female
نديه,Female
نذار,Male
نذير,Male
نرجس,Female
نرفانا,Female
نرفين,Female
نرمين,Female
نرهان,Female
نريمان,Female
نريمين,Female
نزار,Male
نزير,Male
نزيه,Male
نسرين,Female
نسمة,Female
نسمه,Female
نسيم,Male
نشأت,Male
نشات,Male
نشوى,Female
نشوي,Female
نصار,Male
نصحى,Male
نصحي,Male
نصر,Male
نصرة,Female
نصره,Female
نصير,Male
نصيف,Male
نضال,Male
نظلة,Female
نظله,Female
نظلى,Female
نظلي,Female
نظمى,Male
نظمي,Male
نظيرة,Female
نظيره,Female
نظيم,Male
نعمات,Female
نعمان,Male
نعمة,Female
نعمه,Female
نعيم,Male
نعيمة,Female
نعيمه,Female
نغم,Female
نفيسة,Female
نفيسه,Female
نفين,Female
نفيين,Female
"نقابات ",Company
نقابة,Company
نقابه,Company
نقيب,Male
نمبرى,Male
نمبري,Male
نمر,Male
نها,Female
نهاد,Female
نهال,Female
نهلا,Female
نهلة,Female
نهله,Female
نهى,Female
نهي,Female
نوارة,Female
نواره,Female
نوال,Female
نوبى,Male
نوبي,Male
نوح,Male
نور الإسلام,Female
نور الاسلام,Female
نور الدين,Male
نور الصباح,Female
نور الهدى,Female
نور الهدي,Female
نورا,Female
نورالإسلام,Female
نورالاسلام,Female
نورالدين,Male
نورالصباح,Female
نورالهدى,Female
نورالهدي,Female
نوران,Female
نورة,Female
نوره,Female
نورهان,Female
نورين,Female
نوسة,Female
نوسه,Female
نوفير,Male
نونة,Female
نونه,Female
نوير,Male
"نيابات ",Company
نيابة,Company
نيابه,Company
نيازى,Male
نيازي,Male
نيرة,Female
نيرمين,Female
نيره,Female
نيفين,Female
نيلى,Female
نيلي,Female
نيهاد,Female
نيهال,Female
هاجر,Female
هادى,Male
هادي,Male
هارون,Male
هاشم,Male
هالة,Female
هاله,Female
هانم,Female
هانى,Male
هاني,Male
"هايبر ",Company
هايدى,Female
هايدي,Female
هبة,Female
هبه,Female
هدايا,Female
هدرا,Male
هدى,Female
هدي,Female
هدية,Female
هدير,Female
هديل,Female
هديه,Female
هريدى,Male
هريدي,Male
هشام,Male
هلال,Male
هلالى,Male
هلالي,Male
همام,Male
همت,Female
همسة,Female
همسه,Female
هنا,Female
هناء,Female
هنادى,Female
هنادي,Female
هند,Female
هنداوى,Male
هنداوي,Male
هندى,Male
هندي,Male
هنية,Female
هنيه,Female
هوارى,Male
هواري,Male
هوايدا,Female
هوايدة,Female
هوايده,Female
هويدا,Female
هويدة,Female
هويده,Female
"هيئات ",Company
"هيئة ",Company
"هيئه ",Company
هيام,Female
هية,Female
هيثم,Male
هيدى,Female
هيدي,Female
هيفاء,Female
هيكل,Male
هيه,Female
وائل,Male
واثق,Male
واصف,Male
وافى,Male
وافي,Male
واكد,Male
والى,Male
والي,Male
واليد,Male
وجدى,Male
وجدي,Male
وجية,Male
وجيدة,Female
وجيده,Female
وجيه,Male
"وحدات ",Company
"وحدة ",Company
"وحدة محلية ",Company
"وحده ",Company
"وحده محلية ",Company
"وحده محليه ",Company
وحيد,Male
وحيدة,Female
وحيده,Female
ود,Female
وداد,Female
وديع,Male
وردة,Female
ورده,Female
"ورش ",Company
"ورشة ",Company
"ورشه ",Company
"وزارات ",Company
"وزارة ",Company
"وزاره ",Company
وزيرة,Female
وزيره,Female
وسيلة,Female
وسيله,Female
وسيم,Male
وصفى,Male
وصفي,Male
وعد,Female
وفاء,Female
وفائى,Male
وفائي,Male
وفيق,Male
"وكالات ",Company
"وكالة ",Company
"وكاله ",Company
ولاء,Female
ولى الدين,Male
ولي الدين,Male
وليام,Male
وليد,Male
وليم,Male
ونيس,Male
وهب,Male
وهدان,Male
وهيب,Male
وهيبة,Female
وهيبه,Female
ويصا,Male
ويليام,Male
يارا,Female
ياسر,Male
ياسمين,Female
ياسمينا,Female
ياسين,Male
يامن,Male
يحى,Male
يحي,Male
يحيى,Male
يحيي,Male
يزيد,Male
يس,Male
يسر,Female
يسرا,Female
يسره,Female
يسرى,Male
يسري,Male
يسرية,Female
يسريه,Female
يسطس,Male
يعقوب,Male
يمانى,Male
يماني,Male
يمنى,Female
يمني,Female
يواقيم,Male
يوحنا,Male
يوساب,Female
يوستينا,Female
يوسف,Male
يونان,Male
يونانى,Male
يوناني,Male
يونس,Male
